"item","dim","dir","alpha"
"La1","L",1,0.260294536459262
"La2","L",1,-0.53984538117614
"Li1","L",-1,0.0696190575096367
"Li2","L",-1,-0.0423743924742883
"Sa1","S",1,-0.333319807642298
"Sa2","S",1,-1.25804451600473
"Si1","S",-1,-0.367573398728338
"Si2","S",-1,-0.510061131567547
"Pa1","P",1,0.0567772206486534
"Pa2","P",1,-0.236895490920047
"Pi1","P",-1,-0.204107352168964
"Pi2","P",-1,-0.365216639296807
